Date,Country,New_Cases,Cumulative_Cases,New_Deaths,Cumulative_Deaths,Vaccination_Rate_Pct
2023-01-01,USA,472,12742,10,194,0.19
2023-01-02,USA,539,13281,8,202,0.0
2023-01-03,USA,426,13707,5,207,1.2
2023-01-04,USA,515,14222,5,212,1.79
2023-01-05,USA,553,14775,8,220,0.89
2023-01-06,USA,544,15319,13,233,1.72
2023-01-07,USA,588,15907,9,242,3.67
2023-01-08,USA,551,16458,9,251,3.87
2023-01-09,USA,575,17033,5,256,4.48
2023-01-10,USA,708,17741,13,269,3.82
2023-01-11,USA,662,18403,12,281,5.17
2023-01-12,USA,578,18981,7,288,4.73
2023-01-13,USA,671,19652,10,298,4.82
2023-01-14,USA,617,20269,11,309,4.91
2023-01-15,USA,651,20920,10,319,7.15
2023-01-16,USA,728,21648,15,334,6.4
2023-01-17,USA,714,22362,17,351,7.89
2023-01-18,USA,813,23175,17,368,7.73
2023-01-19,USA,709,23884,13,381,7.65
2023-01-20,USA,695,24579,10,391,7.88
2023-01-21,USA,692,25271,11,402,8.59
2023-01-22,USA,683,25954,6,408,8.85
2023-01-23,USA,745,26699,14,422,10.75
2023-01-24,USA,733,27432,14,436,11.18
2023-01-25,USA,691,28123,7,443,10.54
2023-01-26,USA,757,28880,15,458,11.58
2023-01-27,USA,618,29498,11,469,11.47
2023-01-28,USA,726,30224,17,486,12.85
2023-01-29,USA,644,30868,8,494,11.68
2023-01-30,USA,726,31594,14,508,12.27
2023-01-31,USA,612,32206,14,522,13.45
2023-02-01,USA,661,32867,12,534,14.34
2023-02-02,USA,684,33551,12,546,13.81
2023-02-03,USA,610,34161,14,560,15.05
2023-02-04,USA,688,34849,13,573,14.89
2023-02-05,USA,662,35511,7,580,15.66
2023-02-06,USA,614,36125,14,594,15.85
2023-02-07,USA,555,36680,6,600,16.36
2023-02-08,USA,601,37281,11,611,16.1
2023-02-09,USA,626,37907,9,620,17.16
2023-02-10,USA,597,38504,10,630,18.38
2023-02-11,USA,516,39020,7,637,17.94
2023-02-12,USA,542,39562,9,646,18.71
2023-02-13,USA,525,40087,5,651,18.86
2023-02-14,USA,582,40669,12,663,19.1
2023-02-15,USA,475,41144,11,674,19.78
2023-02-16,USA,511,41655,5,679,20.39
2023-02-17,USA,518,42173,10,689,21.51
2023-02-18,USA,363,42536,6,695,21.79
2023-02-19,USA,549,43085,6,701,21.79
2023-02-20,USA,498,43583,8,709,23.47
2023-02-21,USA,417,44000,6,715,23.58
2023-02-22,USA,413,44413,7,722,23.79
2023-02-23,USA,442,44855,10,732,23.5
2023-02-24,USA,447,45302,9,741,24.0
2023-02-25,USA,352,45654,4,745,25.63
2023-02-26,USA,409,46063,9,754,25.55
2023-02-27,USA,254,46317,5,759,25.07
2023-02-28,USA,460,46777,6,765,25.45
2023-03-01,USA,377,47154,9,774,26.58
2023-03-02,USA,351,47505,8,782,26.38
2023-03-03,USA,365,47870,5,787,27.85
2023-03-04,USA,338,48208,5,792,28.68
2023-03-05,USA,330,48538,7,799,29.22
2023-03-06,USA,352,48890,6,805,28.54
2023-03-07,USA,369,49259,8,813,30.2
2023-03-08,USA,260,49519,4,817,29.6
2023-03-09,USA,251,49770,6,823,29.5
2023-03-10,USA,302,50072,3,826,30.33
2023-03-11,USA,282,50354,5,831,31.49
2023-03-12,USA,321,50675,5,836,31.77
2023-03-13,USA,205,50880,2,838,32.13
2023-03-14,USA,300,51180,7,845,32.27
2023-03-15,USA,323,51503,4,849,33.14
2023-03-16,USA,347,51850,4,853,33.3
2023-03-17,USA,327,52177,6,859,34.29
2023-03-18,USA,223,52400,5,864,34.7
2023-03-19,USA,305,52705,7,871,34.31
2023-03-20,USA,429,53134,10,881,34.25
2023-03-21,USA,407,53541,5,886,34.93
2023-03-22,USA,331,53872,5,891,35.79
2023-03-23,USA,257,54129,5,896,37.31
2023-03-24,USA,296,54425,4,900,36.49
2023-03-25,USA,433,54858,6,906,38.05
2023-03-26,USA,394,55252,7,913,37.39
2023-03-27,USA,347,55599,5,918,37.76
2023-03-28,USA,358,55957,3,921,38.96
2023-03-29,USA,416,56373,5,926,38.29
2023-03-30,USA,391,56764,9,935,38.66
2023-03-31,USA,425,57189,7,942,39.93
2023-04-01,USA,384,57573,4,946,41.46
2023-04-02,USA,517,58090,11,957,41.67
2023-04-03,USA,487,58577,7,964,42.06
2023-04-04,USA,389,58966,5,969,42.78
2023-04-05,USA,557,59523,7,976,42.12
2023-04-06,USA,502,60025,10,986,42.03
2023-04-07,USA,457,60482,9,995,42.7
2023-04-08,USA,436,60918,5,1000,42.81
2023-04-09,USA,638,61556,6,1006,44.93
2023-04-10,USA,528,62084,8,1014,44.03
2023-04-11,USA,584,62668,10,1024,45.31
2023-04-12,USA,615,63283,10,1034,45.91
2023-04-13,USA,603,63886,7,1041,45.14
2023-04-14,USA,580,64466,8,1049,45.53
2023-04-15,USA,607,65073,14,1063,46.15
2023-04-16,USA,601,65674,6,1069,47.78
2023-04-17,USA,613,66287,10,1079,48.0
2023-04-18,USA,705,66992,7,1086,49.05
2023-04-19,USA,642,67634,6,1092,49.47
2023-04-20,USA,692,68326,12,1104,49.13
2023-04-21,USA,722,69048,17,1121,50.39
2023-04-22,USA,756,69804,17,1138,50.22
2023-04-23,USA,715,70519,13,1151,49.66
2023-04-24,USA,741,71260,16,1167,51.49
2023-04-25,USA,750,72010,14,1181,50.71
2023-04-26,USA,718,72728,10,1191,51.18
2023-04-27,USA,677,73405,13,1204,51.87
2023-04-28,USA,694,74099,13,1217,52.42
2023-04-29,USA,643,74742,8,1225,53.09
2023-04-30,USA,763,75505,15,1240,53.25
2023-05-01,USA,720,76225,13,1253,53.85
2023-05-02,USA,691,76916,12,1265,54.6
2023-05-03,USA,661,77577,9,1274,55.06
2023-05-04,USA,707,78284,16,1290,55.47
2023-05-05,USA,721,79005,15,1305,55.28
2023-05-06,USA,621,79626,9,1314,56.32
2023-05-07,USA,548,80174,7,1321,55.9
2023-05-08,USA,659,80833,7,1328,58.07
2023-05-09,USA,635,81468,15,1343,57.95
2023-05-10,USA,696,82164,11,1354,58.04
2023-05-11,USA,693,82857,9,1363,59.39
2023-05-12,USA,734,83591,15,1378,58.18
2023-05-13,USA,633,84224,13,1391,60.34
2023-05-14,USA,689,84913,14,1405,60.52
2023-05-15,USA,597,85510,9,1414,59.75
2023-05-16,USA,585,86095,9,1423,61.53
2023-05-17,USA,572,86667,7,1430,61.36
2023-05-18,USA,498,87165,11,1441,62.41
2023-05-19,USA,559,87724,10,1451,61.8
2023-05-20,USA,522,88246,10,1461,62.51
2023-05-21,USA,592,88838,8,1469,62.66
2023-05-22,USA,460,89298,7,1476,62.96
2023-05-23,USA,563,89861,11,1487,64.43
2023-05-24,USA,382,90243,8,1495,64.84
2023-05-25,USA,409,90652,6,1501,64.76
2023-05-26,USA,490,91142,5,1506,65.31
2023-05-27,USA,507,91649,12,1518,65.81
2023-05-28,USA,412,92061,6,1524,65.24
2023-05-29,USA,456,92517,5,1529,65.93
2023-05-30,USA,349,92866,4,1533,66.64
2023-05-31,USA,463,93329,10,1543,68.42
2023-06-01,USA,345,93674,3,1546,67.74
2023-06-02,USA,354,94028,4,1550,68.69
2023-06-03,USA,323,94351,5,1555,68.31
2023-06-04,USA,310,94661,4,1559,69.21
2023-06-05,USA,275,94936,2,1561,69.31
2023-06-06,USA,420,95356,5,1566,69.47
2023-06-07,USA,252,95608,2,1568,71.53
2023-06-08,USA,405,96013,9,1577,70.27
2023-06-09,USA,228,96241,5,1582,71.65
2023-06-10,USA,295,96536,6,1588,71.96
2023-06-11,USA,248,96784,6,1594,72.2
2023-06-12,USA,273,97057,6,1600,73.04
2023-06-13,USA,373,97430,4,1604,72.42
2023-06-14,USA,311,97741,5,1609,74.3
2023-06-15,USA,275,98016,6,1615,74.42
2023-06-16,USA,346,98362,5,1620,74.18
2023-06-17,USA,342,98704,4,1624,74.65
2023-06-18,USA,260,98964,6,1630,76.11
2023-06-19,USA,273,99237,2,1632,75.59
2023-06-20,USA,311,99548,5,1637,77.16
2023-06-21,USA,294,99842,4,1641,77.58
2023-06-22,USA,342,100184,5,1646,77.24
2023-06-23,USA,395,100579,8,1654,78.13
2023-06-24,USA,345,100924,6,1660,78.57
2023-06-25,USA,345,101269,6,1666,77.93
2023-06-26,USA,370,101639,6,1672,80.02
2023-06-27,USA,447,102086,6,1678,79.7
2023-06-28,USA,419,102505,7,1685,80.78
2023-06-29,USA,413,102918,8,1693,79.68
2023-06-30,USA,399,103317,6,1699,80.42
2023-07-01,USA,380,103697,7,1706,81.13
2023-07-02,USA,307,104004,5,1711,81.7
2023-07-03,USA,529,104533,10,1721,81.71
2023-07-04,USA,403,104936,9,1730,82.83
2023-07-05,USA,537,105473,13,1743,83.45
2023-07-06,USA,497,105970,7,1750,83.4
2023-07-07,USA,453,106423,4,1754,84.25
2023-07-08,USA,386,106809,9,1763,83.86
2023-07-09,USA,532,107341,7,1770,84.69
2023-07-10,USA,517,107858,10,1780,85.0
2023-07-11,USA,488,108346,6,1786,85.0
2023-07-12,USA,555,108901,13,1799,85.0
2023-07-13,USA,520,109421,12,1811,85.0
2023-07-14,USA,581,110002,12,1823,85.0
2023-07-15,USA,663,110665,8,1831,85.0
2023-07-16,USA,639,111304,13,1844,85.0
2023-07-17,USA,630,111934,14,1858,85.0
2023-07-18,USA,574,112508,12,1870,85.0
2023-07-19,USA,617,113125,11,1881,85.0
2023-01-01,India,461,11690,10,178,0.19
2023-01-02,India,495,12185,9,187,1.03
2023-01-03,India,482,12667,8,195,1.07
2023-01-04,India,539,13206,11,206,1.21
2023-01-05,India,533,13739,8,214,2.09
2023-01-06,India,532,14271,9,223,1.96
2023-01-07,India,579,14850,7,230,1.9
2023-01-08,India,596,15446,7,237,2.64
2023-01-09,India,582,16028,8,245,2.95
2023-01-10,India,592,16620,13,258,3.21
2023-01-11,India,498,17118,12,270,3.72
2023-01-12,India,668,17786,10,280,5.89
2023-01-13,India,655,18441,9,289,4.74
2023-01-14,India,666,19107,13,302,6.71
2023-01-15,India,762,19869,10,312,6.84
2023-01-16,India,749,20618,9,321,6.4
2023-01-17,India,689,21307,9,330,6.43
2023-01-18,India,544,21851,10,340,7.23
2023-01-19,India,629,22480,10,350,8.17
2023-01-20,India,704,23184,7,357,8.22
2023-01-21,India,664,23848,13,370,9.52
2023-01-22,India,735,24583,13,383,9.39
2023-01-23,India,610,25193,14,397,10.56
2023-01-24,India,648,25841,15,412,9.6
2023-01-25,India,708,26549,9,421,9.93
2023-01-26,India,703,27252,14,435,11.4
2023-01-27,India,691,27943,15,450,11.1
2023-01-28,India,700,28643,8,458,11.48
2023-01-29,India,718,29361,12,470,12.32
2023-01-30,India,738,30099,17,487,12.83
2023-01-31,India,669,30768,10,497,13.43
2023-02-01,India,740,31508,10,507,14.45
2023-02-02,India,590,32098,13,520,14.17
2023-02-03,India,662,32760,12,532,15.66
2023-02-04,India,609,33369,14,546,15.56
2023-02-05,India,658,34027,9,555,15.03
2023-02-06,India,660,34687,11,566,16.99
2023-02-07,India,687,35374,14,580,15.95
2023-02-08,India,559,35933,11,591,16.17
2023-02-09,India,562,36495,10,601,18.07
2023-02-10,India,574,37069,12,613,17.22
2023-02-11,India,620,37689,14,627,17.7
2023-02-12,India,631,38320,7,634,18.36
2023-02-13,India,532,38852,11,645,19.79
2023-02-14,India,610,39462,11,656,19.3
2023-02-15,India,578,40040,8,664,19.61
2023-02-16,India,523,40563,8,672,20.62
2023-02-17,India,543,41106,13,685,20.46
2023-02-18,India,497,41603,9,694,20.64
2023-02-19,India,607,42210,14,708,22.91
2023-02-20,India,550,42760,13,721,22.91
2023-02-21,India,478,43238,5,726,23.1
2023-02-22,India,369,43607,7,733,24.27
2023-02-23,India,517,44124,12,745,23.75
2023-02-24,India,538,44662,8,753,23.41
2023-02-25,India,425,45087,6,759,25.36
2023-02-26,India,431,45518,10,769,24.89
2023-02-27,India,261,45779,3,772,26.13
2023-02-28,India,292,46071,4,776,25.38
2023-03-01,India,344,46415,4,780,26.55
2023-03-02,India,388,46803,5,785,27.16
2023-03-03,India,332,47135,6,791,26.48
2023-03-04,India,281,47416,6,797,27.2
2023-03-05,India,351,47767,5,802,27.52
2023-03-06,India,319,48086,6,808,27.93
2023-03-07,India,322,48408,6,814,28.67
2023-03-08,India,303,48711,3,817,28.77
2023-03-09,India,313,49024,5,822,30.28
2023-03-10,India,372,49396,6,828,30.4
2023-03-11,India,168,49564,3,831,30.36
2023-03-12,India,314,49878,7,838,31.25
2023-03-13,India,287,50165,4,842,32.24
2023-03-14,India,282,50447,3,845,32.83
2023-03-15,India,298,50745,5,850,31.9
2023-03-16,India,269,51014,5,855,32.34
2023-03-17,India,271,51285,3,858,34.35
2023-03-18,India,337,51622,4,862,33.4
2023-03-19,India,264,51886,3,865,35.09
2023-03-20,India,335,52221,5,870,35.44
2023-03-21,India,342,52563,4,874,35.14
2023-03-22,India,253,52816,5,879,36.63
2023-03-23,India,433,53249,6,885,35.97
2023-03-24,India,420,53669,5,890,37.15
2023-03-25,India,276,53945,4,894,37.45
2023-03-26,India,286,54231,6,900,38.33
2023-03-27,India,357,54588,4,904,38.99
2023-03-28,India,444,55032,9,913,38.55
2023-03-29,India,405,55437,4,917,38.69
2023-03-30,India,526,55963,7,924,38.88
2023-03-31,India,465,56428,10,934,41.02
2023-04-01,India,379,56807,5,939,39.54
2023-04-02,India,462,57269,10,949,40.19
2023-04-03,India,388,57657,7,956,41.7
2023-04-04,India,510,58167,11,967,41.26
2023-04-05,India,577,58744,11,978,41.65
2023-04-06,India,588,59332,13,991,42.59
2023-04-07,India,542,59874,5,996,42.53
2023-04-08,India,418,60292,8,1004,42.82
2023-04-09,India,477,60769,7,1011,43.68
2023-04-10,India,591,61360,9,1020,44.99
2023-04-11,India,603,61963,10,1030,45.33
2023-04-12,India,499,62462,12,1042,45.92
2023-04-13,India,629,63091,6,1048,45.89
2023-04-14,India,534,63625,10,1058,46.02
2023-04-15,India,603,64228,6,1064,47.26
2023-04-16,India,643,64871,11,1075,47.63
2023-04-17,India,563,65434,12,1087,48.3
2023-04-18,India,630,66064,12,1099,47.69
2023-04-19,India,570,66634,6,1105,49.43
2023-04-20,India,723,67357,8,1113,49.95
2023-04-21,India,607,67964,11,1124,50.25
2023-04-22,India,668,68632,14,1138,50.56
2023-04-23,India,749,69381,17,1155,49.9
2023-04-24,India,742,70123,12,1167,50.29
2023-04-25,India,734,70857,7,1174,51.69
2023-04-26,India,703,71560,10,1184,52.6
2023-04-27,India,754,72314,17,1201,51.84
2023-04-28,India,695,73009,15,1216,51.72
2023-04-29,India,629,73638,7,1223,52.25
2023-04-30,India,724,74362,14,1237,53.23
2023-05-01,India,684,75046,10,1247,54.08
2023-05-02,India,702,75748,15,1262,54.09
2023-05-03,India,735,76483,14,1276,54.37
2023-05-04,India,702,77185,7,1283,56.09
2023-05-05,India,718,77903,15,1298,56.8
2023-05-06,India,679,78582,10,1308,56.78
2023-05-07,India,645,79227,12,1320,57.45
2023-05-08,India,539,79766,13,1333,57.69
2023-05-09,India,571,80337,12,1345,57.08
2023-05-10,India,558,80895,6,1351,57.76
2023-05-11,India,587,81482,7,1358,57.58
2023-05-12,India,574,82056,5,1363,59.93
2023-05-13,India,520,82576,10,1373,58.84
2023-05-14,India,545,83121,13,1386,60.42
2023-05-15,India,586,83707,13,1399,61.19
2023-05-16,India,541,84248,9,1408,60.98
2023-05-17,India,628,84876,11,1419,60.66
2023-05-18,India,638,85514,8,1427,61.09
2023-05-19,India,572,86086,8,1435,61.22
2023-05-20,India,500,86586,12,1447,63.32
2023-05-21,India,499,87085,10,1457,63.39
2023-05-22,India,446,87531,5,1462,64.08
2023-05-23,India,456,87987,8,1470,64.09
2023-05-24,India,443,88430,8,1478,63.53
2023-05-25,India,447,88877,5,1483,65.58
2023-05-26,India,481,89358,11,1494,65.97
2023-05-27,India,466,89824,8,1502,64.87
2023-05-28,India,480,90304,7,1509,65.9
2023-05-29,India,458,90762,7,1516,65.76
2023-05-30,India,355,91117,4,1520,67.42
2023-05-31,India,217,91334,4,1524,68.15
2023-06-01,India,336,91670,5,1529,68.31
2023-06-02,India,287,91957,6,1535,68.99
2023-06-03,India,383,92340,7,1542,69.55
2023-06-04,India,371,92711,8,1550,69.69
2023-06-05,India,378,93089,7,1557,69.99
2023-06-06,India,301,93390,6,1563,70.94
2023-06-07,India,351,93741,3,1566,71.3
2023-06-08,India,302,94043,6,1572,70.42
2023-06-09,India,273,94316,6,1578,72.21
2023-06-10,India,299,94615,4,1582,72.23
2023-06-11,India,307,94922,7,1589,72.71
2023-06-12,India,341,95263,6,1595,73.46
2023-06-13,India,234,95497,2,1597,73.87
2023-06-14,India,327,95824,4,1601,74.07
2023-06-15,India,302,96126,7,1608,73.46
2023-06-16,India,309,96435,3,1611,74.3
2023-06-17,India,322,96757,6,1617,74.28
2023-06-18,India,213,96970,4,1621,74.69
2023-06-19,India,355,97325,8,1629,77.0
2023-06-20,India,329,97654,3,1632,75.54
2023-06-21,India,289,97943,4,1636,76.93
2023-06-22,India,358,98301,5,1641,76.95
2023-06-23,India,382,98683,9,1650,77.7
2023-06-24,India,273,98956,5,1655,78.69
2023-06-25,India,334,99290,4,1659,77.91
2023-06-26,India,408,99698,5,1664,80.1
2023-06-27,India,426,100124,5,1669,79.51
2023-06-28,India,365,100489,7,1676,79.9
2023-06-29,India,413,100902,5,1681,81.52
2023-06-30,India,437,101339,5,1686,80.43
2023-07-01,India,393,101732,4,1690,81.75
2023-07-02,India,463,102195,7,1697,82.84
2023-07-03,India,411,102606,5,1702,83.09
2023-07-04,India,476,103082,10,1712,83.32
2023-07-05,India,489,103571,9,1721,82.51
2023-07-06,India,529,104100,9,1730,82.93
2023-07-07,India,504,104604,5,1735,84.52
2023-07-08,India,425,105029,7,1742,83.73
2023-07-09,India,490,105519,9,1751,84.59
2023-07-10,India,488,106007,8,1759,84.52
2023-07-11,India,583,106590,6,1765,85.0
2023-07-12,India,669,107259,9,1774,85.0
2023-07-13,India,534,107793,12,1786,85.0
2023-07-14,India,570,108363,6,1792,85.0
2023-07-15,India,555,108918,13,1805,85.0
2023-07-16,India,716,109634,14,1819,85.0
2023-07-17,India,606,110240,6,1825,85.0
2023-07-18,India,574,110814,8,1833,85.0
2023-07-19,India,630,111444,7,1840,85.0
2023-01-01,Brazil,545,15978,5,236,0.34
2023-01-02,Brazil,540,16518,13,249,0.0
2023-01-03,Brazil,537,17055,10,259,1.13
2023-01-04,Brazil,583,17638,8,267,2.22
2023-01-05,Brazil,560,18198,12,279,2.02
2023-01-06,Brazil,591,18789,10,289,2.57
2023-01-07,Brazil,685,19474,14,303,2.66
2023-01-08,Brazil,648,20122,6,309,2.48
2023-01-09,Brazil,685,20807,12,321,3.9
2023-01-10,Brazil,589,21396,10,331,4.28
2023-01-11,Brazil,606,22002,12,343,5.24
2023-01-12,Brazil,532,22534,8,351,4.04
2023-01-13,Brazil,577,23111,10,361,5.39
2023-01-14,Brazil,712,23823,7,368,5.66
2023-01-15,Brazil,640,24463,8,376,6.98
2023-01-16,Brazil,597,25060,7,383,7.67
2023-01-17,Brazil,731,25791,14,397,7.67
2023-01-18,Brazil,667,26458,14,411,7.66
2023-01-19,Brazil,734,27192,13,424,7.16
2023-01-20,Brazil,838,28030,13,437,8.76
2023-01-21,Brazil,760,28790,15,452,9.98
2023-01-22,Brazil,719,29509,10,462,9.17
2023-01-23,Brazil,665,30174,14,476,9.37
2023-01-24,Brazil,585,30759,12,488,10.16
2023-01-25,Brazil,782,31541,12,500,10.83
2023-01-26,Brazil,762,32303,12,512,10.39
2023-01-27,Brazil,652,32955,10,522,11.89
2023-01-28,Brazil,687,33642,12,534,12.48
2023-01-29,Brazil,704,34346,10,544,12.4
2023-01-30,Brazil,651,34997,14,558,12.07
2023-01-31,Brazil,767,35764,12,570,12.97
2023-02-01,Brazil,752,36516,10,580,14.72
2023-02-02,Brazil,573,37089,9,589,14.74
2023-02-03,Brazil,628,37717,7,596,14.75
2023-02-04,Brazil,682,38399,9,605,15.02
2023-02-05,Brazil,650,39049,10,615,15.96
2023-02-06,Brazil,660,39709,14,629,16.61
2023-02-07,Brazil,517,40226,8,637,17.38
2023-02-08,Brazil,693,40919,7,644,18.07
2023-02-09,Brazil,718,41637,8,652,17.01
2023-02-10,Brazil,598,42235,7,659,17.36
2023-02-11,Brazil,555,42790,6,665,17.66
2023-02-12,Brazil,652,43442,10,675,18.86
2023-02-13,Brazil,592,44034,12,687,18.38
2023-02-14,Brazil,464,44498,8,695,19.49
2023-02-15,Brazil,553,45051,9,704,19.5
2023-02-16,Brazil,518,45569,6,710,20.08
2023-02-17,Brazil,507,46076,10,720,20.46
2023-02-18,Brazil,528,46604,13,733,21.35
2023-02-19,Brazil,414,47018,4,737,21.54
2023-02-20,Brazil,471,47489,10,747,21.73
2023-02-21,Brazil,457,47946,10,757,23.79
2023-02-22,Brazil,467,48413,10,767,23.73
2023-02-23,Brazil,430,48843,8,775,23.55
2023-02-24,Brazil,428,49271,6,781,25.03
2023-02-25,Brazil,344,49615,8,789,25.25
2023-02-26,Brazil,375,49990,4,793,25.5
2023-02-27,Brazil,352,50342,7,800,26.5
2023-02-28,Brazil,412,50754,9,809,25.73
2023-03-01,Brazil,350,51104,8,817,26.3
2023-03-02,Brazil,397,51501,5,822,27.26
2023-03-03,Brazil,273,51774,5,827,27.58
2023-03-04,Brazil,376,52150,7,834,27.99
2023-03-05,Brazil,217,52367,3,837,27.38
2023-03-06,Brazil,260,52627,5,842,29.32
2023-03-07,Brazil,329,52956,5,847,29.33
2023-03-08,Brazil,228,53184,3,850,29.49
2023-03-09,Brazil,314,53498,5,855,30.64
2023-03-10,Brazil,312,53810,6,861,30.46
2023-03-11,Brazil,392,54202,9,870,30.19
2023-03-12,Brazil,306,54508,4,874,30.89
2023-03-13,Brazil,319,54827,5,879,31.34
2023-03-14,Brazil,320,55147,5,884,32.74
2023-03-15,Brazil,246,55393,5,889,32.91
2023-03-16,Brazil,263,55656,5,894,33.1
2023-03-17,Brazil,316,55972,7,901,34.4
2023-03-18,Brazil,259,56231,5,906,34.8
2023-03-19,Brazil,320,56551,4,910,34.24
2023-03-20,Brazil,294,56845,6,916,34.95
2023-03-21,Brazil,356,57201,4,920,36.18
2023-03-22,Brazil,361,57562,4,924,35.01
2023-03-23,Brazil,231,57793,4,928,36.48
2023-03-24,Brazil,420,58213,8,936,36.25
2023-03-25,Brazil,384,58597,5,941,38.16
2023-03-26,Brazil,389,58986,5,946,37.4
2023-03-27,Brazil,459,59445,9,955,38.95
2023-03-28,Brazil,446,59891,9,964,38.0
2023-03-29,Brazil,435,60326,7,971,38.46
2023-03-30,Brazil,444,60770,7,978,39.67
2023-03-31,Brazil,413,61183,5,983,39.67
2023-04-01,Brazil,409,61592,8,991,40.01
2023-04-02,Brazil,424,62016,8,999,40.07
2023-04-03,Brazil,448,62464,8,1007,41.75
2023-04-04,Brazil,448,62912,7,1014,41.74
2023-04-05,Brazil,548,63460,10,1024,41.97
2023-04-06,Brazil,484,63944,11,1035,43.3
2023-04-07,Brazil,563,64507,10,1045,43.0
2023-04-08,Brazil,470,64977,7,1052,43.34
2023-04-09,Brazil,498,65475,11,1063,44.44
2023-04-10,Brazil,666,66141,7,1070,44.83
2023-04-11,Brazil,606,66747,12,1082,44.46
2023-04-12,Brazil,509,67256,8,1090,44.83
2023-04-13,Brazil,591,67847,9,1099,46.89
2023-04-14,Brazil,583,68430,9,1108,46.02
2023-04-15,Brazil,579,69009,14,1122,47.07
2023-04-16,Brazil,639,69648,13,1135,46.59
2023-04-17,Brazil,563,70211,12,1147,46.7
2023-04-18,Brazil,559,70770,8,1155,49.11
2023-04-19,Brazil,541,71311,6,1161,49.55
2023-04-20,Brazil,641,71952,6,1167,49.52
2023-04-21,Brazil,635,72587,12,1179,48.69
2023-04-22,Brazil,719,73306,9,1188,50.53
2023-04-23,Brazil,700,74006,12,1200,49.72
2023-04-24,Brazil,739,74745,8,1208,50.09
2023-04-25,Brazil,659,75404,10,1218,50.99
2023-04-26,Brazil,637,76041,8,1226,51.77
2023-04-27,Brazil,671,76712,16,1242,52.95
2023-04-28,Brazil,740,77452,9,1251,53.22
2023-04-29,Brazil,784,78236,12,1263,53.1
2023-04-30,Brazil,794,79030,12,1275,53.63
2023-05-01,Brazil,771,79801,13,1288,54.44
2023-05-02,Brazil,749,80550,9,1297,53.87
2023-05-03,Brazil,664,81214,6,1303,54.21
2023-05-04,Brazil,737,81951,9,1312,56.26
2023-05-05,Brazil,718,82669,13,1325,55.76
2023-05-06,Brazil,683,83352,10,1335,56.46
2023-05-07,Brazil,645,83997,15,1350,57.35
2023-05-08,Brazil,710,84707,14,1364,56.39
2023-05-09,Brazil,703,85410,9,1373,56.76
2023-05-10,Brazil,477,85887,10,1383,57.29
2023-05-11,Brazil,670,86557,15,1398,58.06
2023-05-12,Brazil,634,87191,14,1412,57.95
2023-05-13,Brazil,619,87810,9,1421,59.17
2023-05-14,Brazil,594,88404,10,1431,59.23
2023-05-15,Brazil,590,88994,12,1443,60.54
2023-05-16,Brazil,508,89502,7,1450,60.61
2023-05-17,Brazil,534,90036,6,1456,61.58
2023-05-18,Brazil,600,90636,11,1467,61.92
2023-05-19,Brazil,507,91143,6,1473,61.45
2023-05-20,Brazil,494,91637,9,1482,63.25
2023-05-21,Brazil,562,92199,9,1491,63.31
2023-05-22,Brazil,538,92737,8,1499,63.5
2023-05-23,Brazil,425,93162,6,1505,64.83
2023-05-24,Brazil,474,93636,6,1511,63.62
2023-05-25,Brazil,533,94169,9,1520,65.16
2023-05-26,Brazil,432,94601,5,1525,65.49
2023-05-27,Brazil,486,95087,9,1534,65.1
2023-05-28,Brazil,402,95489,4,1538,65.24
2023-05-29,Brazil,345,95834,6,1544,66.6
2023-05-30,Brazil,364,96198,5,1549,66.35
2023-05-31,Brazil,427,96625,9,1558,67.73
2023-06-01,Brazil,318,96943,7,1565,67.73
2023-06-02,Brazil,384,97327,9,1574,69.02
2023-06-03,Brazil,323,97650,3,1577,68.41
2023-06-04,Brazil,346,97996,7,1584,69.95
2023-06-05,Brazil,349,98345,6,1590,69.52
2023-06-06,Brazil,258,98603,6,1596,70.1
2023-06-07,Brazil,313,98916,7,1603,69.86
2023-06-08,Brazil,319,99235,3,1606,70.18
2023-06-09,Brazil,328,99563,6,1612,71.87
2023-06-10,Brazil,304,99867,3,1615,72.02
2023-06-11,Brazil,311,100178,4,1619,72.37
2023-06-12,Brazil,249,100427,4,1623,73.56
2023-06-13,Brazil,212,100639,2,1625,73.2
2023-06-14,Brazil,301,100940,7,1632,74.36
2023-06-15,Brazil,257,101197,3,1635,75.2
2023-06-16,Brazil,257,101454,2,1637,75.62
2023-06-17,Brazil,257,101711,4,1641,75.94
2023-06-18,Brazil,265,101976,4,1645,74.83
2023-06-19,Brazil,288,102264,4,1649,76.89
2023-06-20,Brazil,429,102693,5,1654,75.59
2023-06-21,Brazil,337,103030,3,1657,77.15
2023-06-22,Brazil,309,103339,5,1662,77.18
2023-06-23,Brazil,289,103628,3,1665,77.4
2023-06-24,Brazil,345,103973,6,1671,77.33
2023-06-25,Brazil,368,104341,9,1680,79.09
2023-06-26,Brazil,389,104730,5,1685,79.29
2023-06-27,Brazil,343,105073,6,1691,79.09
2023-06-28,Brazil,306,105379,3,1694,79.74
2023-06-29,Brazil,393,105772,8,1702,80.09
2023-06-30,Brazil,479,106251,5,1707,81.37
2023-07-01,Brazil,419,106670,4,1711,82.38
2023-07-02,Brazil,356,107026,5,1716,81.73
2023-07-03,Brazil,426,107452,9,1725,82.84
2023-07-04,Brazil,398,107850,4,1729,81.99
2023-07-05,Brazil,466,108316,8,1737,84.0
2023-07-06,Brazil,407,108723,7,1744,84.32
2023-07-07,Brazil,468,109191,9,1753,84.91
2023-07-08,Brazil,450,109641,10,1763,84.92
2023-07-09,Brazil,475,110116,6,1769,85.0
2023-07-10,Brazil,541,110657,10,1779,85.0
2023-07-11,Brazil,592,111249,10,1789,85.0
2023-07-12,Brazil,557,111806,12,1801,85.0
2023-07-13,Brazil,570,112376,12,1813,85.0
2023-07-14,Brazil,628,113004,14,1827,85.0
2023-07-15,Brazil,623,113627,10,1837,85.0
2023-07-16,Brazil,674,114301,14,1851,85.0
2023-07-17,Brazil,544,114845,6,1857,85.0
2023-07-18,Brazil,597,115442,9,1866,85.0
2023-07-19,Brazil,569,116011,10,1876,85.0
2023-01-01,UK,536,9967,5,146,0.0
2023-01-02,UK,463,10430,8,154,0.65
2023-01-03,UK,476,10906,9,163,1.39
2023-01-04,UK,559,11465,13,176,0.77
2023-01-05,UK,556,12021,8,184,1.04
2023-01-06,UK,630,12651,13,197,1.72
2023-01-07,UK,548,13199,12,209,3.23
2023-01-08,UK,581,13780,12,221,2.75
2023-01-09,UK,624,14404,10,231,2.96
2023-01-10,UK,558,14962,11,242,5.03
2023-01-11,UK,666,15628,16,258,3.91
2023-01-12,UK,677,16305,12,270,5.91
2023-01-13,UK,669,16974,12,282,5.57
2023-01-14,UK,609,17583,12,294,6.71
2023-01-15,UK,640,18223,10,304,6.22
2023-01-16,UK,694,18917,11,315,6.62
2023-01-17,UK,682,19599,13,328,6.3
2023-01-18,UK,697,20296,16,344,8.47
2023-01-19,UK,672,20968,16,360,8.04
2023-01-20,UK,640,21608,6,366,8.12
2023-01-21,UK,646,22254,14,380,9.95
2023-01-22,UK,649,22903,10,390,9.31
2023-01-23,UK,674,23577,8,398,10.61
2023-01-24,UK,735,24312,7,405,10.59
2023-01-25,UK,602,24914,8,413,11.34
2023-01-26,UK,738,25652,8,421,10.72
2023-01-27,UK,714,26366,8,429,12.46
2023-01-28,UK,779,27145,12,441,12.81
2023-01-29,UK,718,27863,12,453,13.56
2023-01-30,UK,749,28612,9,462,13.5
2023-01-31,UK,653,29265,9,471,14.39
2023-02-01,UK,622,29887,15,486,13.32
2023-02-02,UK,628,30515,12,498,14.49
2023-02-03,UK,653,31168,16,514,14.3
2023-02-04,UK,704,31872,15,529,15.4
2023-02-05,UK,530,32402,10,539,15.2
2023-02-06,UK,623,33025,7,546,16.53
2023-02-07,UK,682,33707,9,555,15.85
2023-02-08,UK,608,34315,12,567,16.68
2023-02-09,UK,659,34974,14,581,16.77
2023-02-10,UK,595,35569,13,594,17.99
2023-02-11,UK,578,36147,8,602,19.19
2023-02-12,UK,646,36793,13,615,17.94
2023-02-13,UK,568,37361,6,621,19.67
2023-02-14,UK,516,37877,12,633,19.92
2023-02-15,UK,493,38370,10,643,20.37
2023-02-16,UK,470,38840,7,650,20.26
2023-02-17,UK,507,39347,8,658,21.75
2023-02-18,UK,448,39795,7,665,20.79
2023-02-19,UK,368,40163,6,671,21.44
2023-02-20,UK,525,40688,7,678,22.12
2023-02-21,UK,413,41101,8,686,22.34
2023-02-22,UK,438,41539,7,693,23.52
2023-02-23,UK,471,42010,5,698,24.08
2023-02-24,UK,450,42460,5,703,24.31
2023-02-25,UK,386,42846,7,710,23.82
2023-02-26,UK,456,43302,10,720,24.83
2023-02-27,UK,337,43639,7,727,26.59
2023-02-28,UK,324,43963,8,735,26.07
2023-03-01,UK,414,44377,4,739,27.0
2023-03-02,UK,368,44745,4,743,26.06
2023-03-03,UK,301,45046,6,749,26.87
2023-03-04,UK,347,45393,5,754,27.49
2023-03-05,UK,321,45714,7,761,27.57
2023-03-06,UK,333,46047,4,765,28.31
2023-03-07,UK,350,46397,7,772,30.01
2023-03-08,UK,228,46625,2,774,28.87
2023-03-09,UK,314,46939,6,780,29.99
2023-03-10,UK,315,47254,4,784,30.83
2023-03-11,UK,322,47576,5,789,31.2
2023-03-12,UK,339,47915,7,796,31.01
2023-03-13,UK,330,48245,3,799,32.43
2023-03-14,UK,284,48529,2,801,32.76
2023-03-15,UK,268,48797,3,804,33.16
2023-03-16,UK,293,49090,6,810,32.73
2023-03-17,UK,278,49368,4,814,32.89
2023-03-18,UK,287,49655,6,820,35.01
2023-03-19,UK,389,50044,5,825,35.26
2023-03-20,UK,366,50410,3,828,34.44
2023-03-21,UK,347,50757,5,833,35.31
2023-03-22,UK,308,51065,3,836,35.83
2023-03-23,UK,279,51344,6,842,36.41
2023-03-24,UK,351,51695,3,845,37.83
2023-03-25,UK,348,52043,4,849,37.77
2023-03-26,UK,415,52458,10,859,38.04
2023-03-27,UK,409,52867,7,866,38.51
2023-03-28,UK,505,53372,8,874,38.14
2023-03-29,UK,433,53805,5,879,38.29
2023-03-30,UK,334,54139,7,886,38.75
2023-03-31,UK,457,54596,6,892,40.51
2023-04-01,UK,411,55007,9,901,41.25
2023-04-02,UK,464,55471,6,907,40.63
2023-04-03,UK,532,56003,7,914,41.26
2023-04-04,UK,489,56492,6,920,42.43
2023-04-05,UK,589,57081,8,928,41.74
2023-04-06,UK,552,57633,9,937,43.23
2023-04-07,UK,497,58130,11,948,42.33
2023-04-08,UK,537,58667,13,961,42.7
2023-04-09,UK,523,59190,12,973,44.03
2023-04-10,UK,574,59764,6,979,44.23
2023-04-11,UK,557,60321,13,992,44.89
2023-04-12,UK,569,60890,12,1004,45.73
2023-04-13,UK,558,61448,7,1011,46.47
2023-04-14,UK,629,62077,15,1026,45.88
2023-04-15,UK,610,62687,15,1041,46.34
2023-04-16,UK,543,63230,8,1049,48.03
2023-04-17,UK,681,63911,9,1058,47.64
2023-04-18,UK,660,64571,11,1069,48.1
2023-04-19,UK,630,65201,10,1079,48.55
2023-04-20,UK,780,65981,14,1093,49.12
2023-04-21,UK,688,66669,9,1102,49.43
2023-04-22,UK,694,67363,11,1113,49.39
2023-04-23,UK,659,68022,9,1122,51.03
2023-04-24,UK,684,68706,9,1131,51.49
2023-04-25,UK,745,69451,13,1144,50.36
2023-04-26,UK,700,70151,14,1158,50.84
2023-04-27,UK,736,70887,9,1167,51.98
2023-04-28,UK,695,71582,14,1181,53.41
2023-04-29,UK,640,72222,12,1193,52.69
2023-04-30,UK,741,72963,15,1208,54.46
2023-05-01,UK,732,73695,7,1215,54.44
2023-05-02,UK,716,74411,16,1231,53.53
2023-05-03,UK,673,75084,13,1244,55.5
2023-05-04,UK,716,75800,14,1258,54.53
2023-05-05,UK,739,76539,17,1275,55.61
2023-05-06,UK,787,77326,11,1286,56.75
2023-05-07,UK,760,78086,14,1300,57.48
2023-05-08,UK,610,78696,11,1311,57.15
2023-05-09,UK,640,79336,12,1323,58.08
2023-05-10,UK,631,79967,11,1334,58.71
2023-05-11,UK,653,80620,10,1344,57.67
2023-05-12,UK,722,81342,11,1355,59.77
2023-05-13,UK,588,81930,9,1364,60.03
2023-05-14,UK,636,82566,7,1371,59.62
2023-05-15,UK,579,83145,6,1377,60.39
2023-05-16,UK,636,83781,14,1391,60.93
2023-05-17,UK,542,84323,9,1400,61.36
2023-05-18,UK,491,84814,10,1410,60.85
2023-05-19,UK,530,85344,8,1418,62.15
2023-05-20,UK,527,85871,9,1427,61.88
2023-05-21,UK,498,86369,10,1437,63.89
2023-05-22,UK,511,86880,7,1444,63.48
2023-05-23,UK,555,87435,10,1454,63.1
2023-05-24,UK,453,87888,10,1464,64.41
2023-05-25,UK,478,88366,8,1472,64.01
2023-05-26,UK,509,88875,6,1478,66.19
2023-05-27,UK,383,89258,4,1482,65.12
2023-05-28,UK,431,89689,10,1492,65.98
2023-05-29,UK,334,90023,4,1496,66.58
2023-05-30,UK,357,90380,4,1500,67.72
2023-05-31,UK,321,90701,5,1505,67.39
2023-06-01,UK,307,91008,7,1512,68.04
2023-06-02,UK,379,91387,4,1516,67.46
2023-06-03,UK,321,91708,7,1523,69.4
2023-06-04,UK,349,92057,6,1529,68.64
2023-06-05,UK,362,92419,4,1533,70.43
2023-06-06,UK,387,92806,7,1540,69.55
2023-06-07,UK,303,93109,5,1545,71.0
2023-06-08,UK,352,93461,6,1551,70.43
2023-06-09,UK,290,93751,5,1556,72.55
2023-06-10,UK,326,94077,4,1560,72.56
2023-06-11,UK,288,94365,6,1566,72.05
2023-06-12,UK,357,94722,6,1572,73.36
2023-06-13,UK,269,94991,3,1575,74.06
2023-06-14,UK,326,95317,3,1578,73.99
2023-06-15,UK,313,95630,5,1583,73.96
2023-06-16,UK,273,95903,5,1588,74.8
2023-06-17,UK,299,96202,3,1591,75.51
2023-06-18,UK,277,96479,6,1597,76.5
2023-06-19,UK,305,96784,5,1602,75.24
2023-06-20,UK,308,97092,4,1606,76.48
2023-06-21,UK,398,97490,7,1613,77.08
2023-06-22,UK,425,97915,10,1623,77.12
2023-06-23,UK,270,98185,5,1628,78.64
2023-06-24,UK,225,98410,4,1632,78.48
2023-06-25,UK,257,98667,5,1637,78.7
2023-06-26,UK,300,98967,4,1641,78.71
2023-06-27,UK,321,99288,3,1644,80.59
2023-06-28,UK,407,99695,8,1652,80.96
2023-06-29,UK,338,100033,3,1655,81.29
2023-06-30,UK,504,100537,9,1664,81.64
2023-07-01,UK,427,100964,6,1670,81.92
2023-07-02,UK,488,101452,12,1682,81.3
2023-07-03,UK,435,101887,10,1692,81.53
2023-07-04,UK,501,102388,5,1697,81.81
2023-07-05,UK,381,102769,9,1706,83.89
2023-07-06,UK,475,103244,9,1715,82.91
2023-07-07,UK,487,103731,7,1722,84.6
2023-07-08,UK,541,104272,5,1727,84.21
2023-07-09,UK,450,104722,8,1735,85.0
2023-07-10,UK,606,105328,6,1741,84.7
2023-07-11,UK,566,105894,13,1754,85.0
2023-07-12,UK,539,106433,6,1760,85.0
2023-07-13,UK,478,106911,9,1769,85.0
2023-07-14,UK,557,107468,8,1777,85.0
2023-07-15,UK,635,108103,8,1785,85.0
2023-07-16,UK,653,108756,11,1796,85.0
2023-07-17,UK,621,109377,6,1802,85.0
2023-07-18,UK,692,110069,8,1810,85.0
2023-07-19,UK,604,110673,13,1823,85.0
2023-01-01,France,467,13118,9,198,0.0
2023-01-02,France,522,13640,10,208,1.1
2023-01-03,France,538,14178,9,217,0.19
2023-01-04,France,608,14786,13,230,0.89
2023-01-05,France,461,15247,5,235,2.06
2023-01-06,France,564,15811,6,241,2.75
2023-01-07,France,546,16357,7,248,3.11
2023-01-08,France,590,16947,6,254,3.83
2023-01-09,France,558,17505,6,260,3.32
2023-01-10,France,669,18174,9,269,4.74
2023-01-11,France,675,18849,15,284,4.37
2023-01-12,France,600,19449,14,298,4.7
2023-01-13,France,640,20089,10,308,5.67
2023-01-14,France,751,20840,15,323,4.86
2023-01-15,France,686,21526,13,336,7.23
2023-01-16,France,627,22153,13,349,7.65
2023-01-17,France,622,22775,7,356,7.76
2023-01-18,France,734,23509,14,370,6.75
2023-01-19,France,706,24215,12,382,7.97
2023-01-20,France,684,24899,11,393,7.97
2023-01-21,France,624,25523,6,399,9.54
2023-01-22,France,626,26149,10,409,10.09
2023-01-23,France,679,26828,13,422,9.84
2023-01-24,France,723,27551,16,438,9.78
2023-01-25,France,748,28299,10,448,10.07
2023-01-26,France,779,29078,15,463,11.73
2023-01-27,France,751,29829,11,474,12.13
2023-01-28,France,626,30455,8,482,12.93
2023-01-29,France,647,31102,7,489,11.82
2023-01-30,France,616,31718,10,499,12.59
2023-01-31,France,605,32323,6,505,12.75
2023-02-01,France,619,32942,10,515,13.94
2023-02-02,France,708,33650,13,528,13.42
2023-02-03,France,541,34191,9,537,15.78
2023-02-04,France,754,34945,11,548,15.85
2023-02-05,France,655,35600,14,562,15.79
2023-02-06,France,623,36223,8,570,15.24
2023-02-07,France,634,36857,9,579,17.2
2023-02-08,France,506,37363,7,586,16.1
2023-02-09,France,615,37978,8,594,17.84
2023-02-10,France,624,38602,10,604,17.8
2023-02-11,France,613,39215,8,612,17.58
2023-02-12,France,529,39744,9,621,19.39
2023-02-13,France,514,40258,8,629,18.47
2023-02-14,France,568,40826,6,635,19.53
2023-02-15,France,530,41356,7,642,19.64
2023-02-16,France,531,41887,11,653,20.86
2023-02-17,France,451,42338,5,658,21.77
2023-02-18,France,423,42761,8,666,21.12
2023-02-19,France,553,43314,8,674,22.88
2023-02-20,France,448,43762,10,684,22.92
2023-02-21,France,357,44119,3,687,22.24
2023-02-22,France,381,44500,9,696,23.46
2023-02-23,France,415,44915,5,701,23.85
2023-02-24,France,384,45299,5,706,24.91
2023-02-25,France,410,45709,6,712,24.84
2023-02-26,France,360,46069,4,716,25.09
2023-02-27,France,373,46442,4,720,24.75
2023-02-28,France,389,46831,5,725,27.02
2023-03-01,France,376,47207,4,729,27.45
2023-03-02,France,351,47558,4,733,26.87
2023-03-03,France,356,47914,6,739,26.6
2023-03-04,France,340,48254,4,743,28.49
2023-03-05,France,327,48581,7,750,29.24
2023-03-06,France,320,48901,7,757,29.31
2023-03-07,France,342,49243,4,761,29.2
2023-03-08,France,261,49504,5,766,30.03
2023-03-09,France,347,49851,4,770,30.28
2023-03-10,France,302,50153,3,773,29.62
2023-03-11,France,379,50532,5,778,31.9
2023-03-12,France,331,50863,4,782,31.14
2023-03-13,France,236,51099,5,787,32.41
2023-03-14,France,293,51392,3,790,32.36
2023-03-15,France,258,51650,5,795,32.09
2023-03-16,France,266,51916,6,801,34.29
2023-03-17,France,229,52145,2,803,34.27
2023-03-18,France,245,52390,5,808,35.04
2023-03-19,France,237,52627,5,813,34.8
2023-03-20,France,382,53009,5,818,35.23
2023-03-21,France,300,53309,4,822,35.86
2023-03-22,France,301,53610,7,829,35.2
2023-03-23,France,315,53925,5,834,35.89
2023-03-24,France,364,54289,5,839,37.8
2023-03-25,France,354,54643,6,845,37.22
2023-03-26,France,401,55044,8,853,37.36
2023-03-27,France,516,55560,7,860,39.04
2023-03-28,France,466,56026,7,867,38.7
2023-03-29,France,386,56412,5,872,39.33
2023-03-30,France,391,56803,8,880,39.01
2023-03-31,France,380,57183,4,884,39.19
2023-04-01,France,444,57627,7,891,41.12
2023-04-02,France,492,58119,11,902,40.61
2023-04-03,France,521,58640,10,912,40.7
2023-04-04,France,520,59160,12,924,41.93
2023-04-05,France,468,59628,4,928,41.56
2023-04-06,France,426,60054,9,937,41.75
2023-04-07,France,557,60611,6,943,44.15
2023-04-08,France,408,61019,5,948,43.26
2023-04-09,France,498,61517,4,952,44.56
2023-04-10,France,524,62041,12,964,44.0
2023-04-11,France,635,62676,14,978,44.85
2023-04-12,France,628,63304,9,987,45.1
2023-04-13,France,642,63946,8,995,45.64
2023-04-14,France,639,64585,15,1010,46.96
2023-04-15,France,694,65279,13,1023,45.96
2023-04-16,France,545,65824,9,1032,47.67
2023-04-17,France,665,66489,12,1044,48.6
2023-04-18,France,621,67110,6,1050,47.68
2023-04-19,France,579,67689,11,1061,49.12
2023-04-20,France,706,68395,8,1069,49.08
2023-04-21,France,558,68953,13,1082,50.16
2023-04-22,France,687,69640,14,1096,50.38
2023-04-23,France,725,70365,14,1110,50.86
2023-04-24,France,686,71051,15,1125,50.4
2023-04-25,France,666,71717,10,1135,50.97
2023-04-26,France,723,72440,17,1152,52.46
2023-04-27,France,751,73191,13,1165,53.09
2023-04-28,France,746,73937,13,1178,52.41
2023-04-29,France,722,74659,15,1193,52.87
2023-04-30,France,672,75331,6,1199,54.23
2023-05-01,France,694,76025,9,1208,54.41
2023-05-02,France,718,76743,15,1223,54.54
2023-05-03,France,783,77526,17,1240,54.26
2023-05-04,France,690,78216,15,1255,55.46
2023-05-05,France,633,78849,14,1269,55.11
2023-05-06,France,663,79512,9,1278,55.83
2023-05-07,France,689,80201,15,1293,56.2
2023-05-08,France,704,80905,13,1306,57.29
2023-05-09,France,659,81564,9,1315,57.21
2023-05-10,France,614,82178,9,1324,58.29
2023-05-11,France,698,82876,11,1335,57.64
2023-05-12,France,584,83460,12,1347,58.52
2023-05-13,France,707,84167,10,1357,58.51
2023-05-14,France,573,84740,8,1365,60.74
2023-05-15,France,663,85403,12,1377,59.7
2023-05-16,France,639,86042,10,1387,61.25
2023-05-17,France,555,86597,7,1394,61.06
2023-05-18,France,531,87128,13,1407,60.79
2023-05-19,France,478,87606,11,1418,61.33
2023-05-20,France,535,88141,8,1426,63.03
2023-05-21,France,486,88627,7,1433,62.8
2023-05-22,France,590,89217,8,1441,62.86
2023-05-23,France,404,89621,5,1446,64.21
2023-05-24,France,471,90092,11,1457,64.56
2023-05-25,France,460,90552,5,1462,65.0
2023-05-26,France,461,91013,8,1470,65.55
2023-05-27,France,498,91511,9,1479,65.33
2023-05-28,France,477,91988,6,1485,66.35
2023-05-29,France,403,92391,7,1492,67.0
2023-05-30,France,416,92807,8,1500,66.87
2023-05-31,France,393,93200,5,1505,67.4
2023-06-01,France,367,93567,8,1513,67.75
2023-06-02,France,350,93917,7,1520,69.35
2023-06-03,France,381,94298,4,1524,67.87
2023-06-04,France,307,94605,6,1530,70.13
2023-06-05,France,335,94940,5,1535,69.27
2023-06-06,France,418,95358,4,1539,70.38
2023-06-07,France,302,95660,5,1544,70.93
2023-06-08,France,361,96021,4,1548,70.5
2023-06-09,France,266,96287,6,1554,72.03
2023-06-10,France,275,96562,3,1557,71.13
2023-06-11,France,263,96825,4,1561,72.92
2023-06-12,France,384,97209,4,1565,73.8
2023-06-13,France,351,97560,7,1572,73.96
2023-06-14,France,230,97790,4,1576,74.29
2023-06-15,France,310,98100,6,1582,74.29
2023-06-16,France,291,98391,6,1588,74.87
2023-06-17,France,270,98661,4,1592,74.69
2023-06-18,France,344,99005,6,1598,76.17
2023-06-19,France,293,99298,4,1602,76.31
2023-06-20,France,352,99650,5,1607,76.39
2023-06-21,France,265,99915,5,1612,77.82
2023-06-22,France,297,100212,3,1615,77.0
2023-06-23,France,239,100451,4,1619,76.96
2023-06-24,France,375,100826,4,1623,78.83
2023-06-25,France,342,101168,5,1628,79.06
2023-06-26,France,317,101485,3,1631,78.34
2023-06-27,France,336,101821,4,1635,79.98
2023-06-28,France,377,102198,7,1642,79.32
2023-06-29,France,389,102587,5,1647,80.17
2023-06-30,France,397,102984,7,1654,80.71
2023-07-01,France,321,103305,4,1658,82.11
2023-07-02,France,382,103687,9,1667,82.81
2023-07-03,France,478,104165,7,1674,82.06
2023-07-04,France,476,104641,11,1685,82.01
2023-07-05,France,454,105095,7,1692,83.36
2023-07-06,France,396,105491,9,1701,84.05
2023-07-07,France,480,105971,10,1711,84.87
2023-07-08,France,473,106444,9,1720,83.92
2023-07-09,France,586,107030,11,1731,84.41
2023-07-10,France,468,107498,5,1736,84.83
2023-07-11,France,570,108068,5,1741,85.0
2023-07-12,France,551,108619,6,1747,85.0
2023-07-13,France,646,109265,6,1753,85.0
2023-07-14,France,557,109822,8,1761,85.0
2023-07-15,France,605,110427,8,1769,85.0
2023-07-16,France,525,110952,5,1774,85.0
2023-07-17,France,637,111589,8,1782,85.0
2023-07-18,France,624,112213,11,1793,85.0
2023-07-19,France,651,112864,10,1803,85.0
2023-01-01,Germany,574,20239,7,301,0.0
2023-01-02,Germany,487,20726,8,309,0.6
2023-01-03,Germany,524,21250,12,321,0.78
2023-01-04,Germany,636,21886,15,336,1.37
2023-01-05,Germany,567,22453,11,347,2.35
2023-01-06,Germany,544,22997,13,360,2.8
2023-01-07,Germany,629,23626,12,372,2.52
2023-01-08,Germany,605,24231,14,386,2.59
2023-01-09,Germany,633,24864,13,399,3.99
2023-01-10,Germany,630,25494,13,412,3.98
2023-01-11,Germany,610,26104,7,419,4.07
2023-01-12,Germany,650,26754,11,430,4.97
2023-01-13,Germany,625,27379,10,440,4.43
2023-01-14,Germany,713,28092,11,451,6.15
2023-01-15,Germany,593,28685,12,463,7.0
2023-01-16,Germany,663,29348,12,475,7.71
2023-01-17,Germany,714,30062,17,492,6.66
2023-01-18,Germany,535,30597,12,504,6.74
2023-01-19,Germany,648,31245,13,517,8.32
2023-01-20,Germany,686,31931,14,531,8.3
2023-01-21,Germany,671,32602,10,541,9.86
2023-01-22,Germany,690,33292,10,551,10.11
2023-01-23,Germany,679,33971,13,564,9.09
2023-01-24,Germany,752,34723,8,572,9.45
2023-01-25,Germany,616,35339,11,583,10.84
2023-01-26,Germany,790,36129,12,595,11.6
2023-01-27,Germany,730,36859,11,606,12.02
2023-01-28,Germany,648,37507,9,615,11.93
2023-01-29,Germany,666,38173,12,627,12.47
2023-01-30,Germany,652,38825,14,641,13.76
2023-01-31,Germany,761,39586,11,652,13.33
2023-02-01,Germany,688,40274,14,666,13.72
2023-02-02,Germany,606,40880,11,677,15.12
2023-02-03,Germany,679,41559,15,692,15.3
2023-02-04,Germany,672,42231,12,704,14.57
2023-02-05,Germany,725,42956,12,716,15.65
2023-02-06,Germany,631,43587,11,727,16.27
2023-02-07,Germany,652,44239,12,739,17.15
2023-02-08,Germany,622,44861,13,752,17.03
2023-02-09,Germany,526,45387,7,759,17.86
2023-02-10,Germany,622,46009,10,769,18.97
2023-02-11,Germany,605,46614,13,782,19.0
2023-02-12,Germany,534,47148,7,789,18.83
2023-02-13,Germany,577,47725,8,797,19.18
2023-02-14,Germany,590,48315,12,809,19.66
2023-02-15,Germany,546,48861,7,816,20.28
2023-02-16,Germany,492,49353,9,825,19.89
2023-02-17,Germany,583,49936,12,837,21.78
2023-02-18,Germany,610,50546,8,845,21.24
2023-02-19,Germany,416,50962,10,855,22.83
2023-02-20,Germany,447,51409,4,859,21.66
2023-02-21,Germany,503,51912,7,866,21.98
2023-02-22,Germany,384,52296,4,870,23.42
2023-02-23,Germany,479,52775,4,874,24.73
2023-02-24,Germany,323,53098,5,879,23.44
2023-02-25,Germany,323,53421,6,885,25.22
2023-02-26,Germany,346,53767,6,891,25.34
2023-02-27,Germany,398,54165,9,900,25.41
2023-02-28,Germany,436,54601,8,908,26.04
2023-03-01,Germany,282,54883,4,912,26.54
2023-03-02,Germany,342,55225,8,920,27.01
2023-03-03,Germany,396,55621,9,929,28.12
2023-03-04,Germany,379,56000,4,933,28.75
2023-03-05,Germany,307,56307,5,938,27.46
2023-03-06,Germany,328,56635,3,941,28.91
2023-03-07,Germany,316,56951,6,947,29.87
2023-03-08,Germany,242,57193,2,949,29.86
2023-03-09,Germany,286,57479,4,953,31.05
2023-03-10,Germany,311,57790,3,956,29.94
2023-03-11,Germany,281,58071,4,960,30.96
2023-03-12,Germany,329,58400,6,966,32.41
2023-03-13,Germany,313,58713,7,973,32.12
2023-03-14,Germany,322,59035,3,976,32.88
2023-03-15,Germany,354,59389,4,980,33.04
2023-03-16,Germany,285,59674,3,983,34.13
2023-03-17,Germany,317,59991,6,989,33.24
2023-03-18,Germany,354,60345,6,995,35.15
2023-03-19,Germany,399,60744,8,1003,34.4
2023-03-20,Germany,335,61079,3,1006,34.5
2023-03-21,Germany,339,61418,4,1010,35.93
2023-03-22,Germany,418,61836,10,1020,36.55
2023-03-23,Germany,415,62251,4,1024,36.15
2023-03-24,Germany,253,62504,5,1029,37.68
2023-03-25,Germany,301,62805,4,1033,37.45
2023-03-26,Germany,353,63158,4,1037,37.75
2023-03-27,Germany,452,63610,4,1041,39.13
2023-03-28,Germany,389,63999,6,1047,39.67
2023-03-29,Germany,368,64367,4,1051,38.38
2023-03-30,Germany,446,64813,5,1056,38.64
2023-03-31,Germany,370,65183,8,1064,39.78
2023-04-01,Germany,376,65559,9,1073,39.84
2023-04-02,Germany,406,65965,9,1082,41.5
2023-04-03,Germany,445,66410,9,1091,41.81
2023-04-04,Germany,469,66879,9,1100,41.16
2023-04-05,Germany,572,67451,8,1108,41.92
2023-04-06,Germany,504,67955,5,1113,42.1
2023-04-07,Germany,515,68470,12,1125,42.99
2023-04-08,Germany,588,69058,12,1137,43.21
2023-04-09,Germany,492,69550,7,1144,44.19
2023-04-10,Germany,537,70087,13,1157,44.88
2023-04-11,Germany,583,70670,12,1169,45.88
2023-04-12,Germany,535,71205,5,1174,45.5
2023-04-13,Germany,704,71909,12,1186,46.27
2023-04-14,Germany,590,72499,11,1197,45.58
2023-04-15,Germany,605,73104,12,1209,46.63
2023-04-16,Germany,643,73747,11,1220,48.06
2023-04-17,Germany,727,74474,12,1232,48.44
2023-04-18,Germany,653,75127,10,1242,49.09
2023-04-19,Germany,663,75790,9,1251,47.86
2023-04-20,Germany,675,76465,15,1266,48.38
2023-04-21,Germany,671,77136,10,1276,50.31
2023-04-22,Germany,738,77874,14,1290,50.1
2023-04-23,Germany,582,78456,12,1302,49.91
2023-04-24,Germany,736,79192,17,1319,51.64
2023-04-25,Germany,755,79947,14,1333,50.98
2023-04-26,Germany,652,80599,16,1349,50.8
2023-04-27,Germany,705,81304,12,1361,52.38
2023-04-28,Germany,616,81920,13,1374,52.9
2023-04-29,Germany,670,82590,10,1384,52.56
2023-04-30,Germany,705,83295,9,1393,53.66
2023-05-01,Germany,666,83961,9,1402,54.9
2023-05-02,Germany,649,84610,15,1417,54.67
2023-05-03,Germany,729,85339,14,1431,55.42
2023-05-04,Germany,738,86077,13,1444,55.76
2023-05-05,Germany,674,86751,13,1457,55.75
2023-05-06,Germany,707,87458,14,1471,56.78
2023-05-07,Germany,677,88135,9,1480,57.04
2023-05-08,Germany,643,88778,10,1490,57.7
2023-05-09,Germany,670,89448,9,1499,58.31
2023-05-10,Germany,601,90049,14,1513,59.04
2023-05-11,Germany,669,90718,8,1521,58.17
2023-05-12,Germany,665,91383,11,1532,59.5
2023-05-13,Germany,628,92011,12,1544,58.8
2023-05-14,Germany,630,92641,6,1550,59.99
2023-05-15,Germany,536,93177,9,1559,61.01
2023-05-16,Germany,612,93789,13,1572,61.6
2023-05-17,Germany,498,94287,10,1582,61.06
2023-05-18,Germany,504,94791,5,1587,61.22
2023-05-19,Germany,460,95251,6,1593,61.69
2023-05-20,Germany,498,95749,5,1598,62.82
2023-05-21,Germany,603,96352,7,1605,62.59
2023-05-22,Germany,558,96910,10,1615,63.65
2023-05-23,Germany,381,97291,9,1624,63.58
2023-05-24,Germany,482,97773,8,1632,64.71
2023-05-25,Germany,362,98135,5,1637,65.39
2023-05-26,Germany,481,98616,6,1643,64.53
2023-05-27,Germany,481,99097,5,1648,66.68
2023-05-28,Germany,403,99500,7,1655,67.12
2023-05-29,Germany,410,99910,5,1660,65.93
2023-05-30,Germany,437,100347,5,1665,67.47
2023-05-31,Germany,347,100694,5,1670,68.33
2023-06-01,Germany,317,101011,4,1674,66.96
2023-06-02,Germany,304,101315,3,1677,67.99
2023-06-03,Germany,402,101717,4,1681,69.73
2023-06-04,Germany,341,102058,7,1688,68.8
2023-06-05,Germany,416,102474,8,1696,70.46
2023-06-06,Germany,397,102871,5,1701,69.8
2023-06-07,Germany,291,103162,3,1704,70.53
2023-06-08,Germany,328,103490,6,1710,71.83
2023-06-09,Germany,319,103809,7,1717,70.9
2023-06-10,Germany,259,104068,5,1722,72.9
2023-06-11,Germany,304,104372,3,1725,72.92
2023-06-12,Germany,361,104733,5,1730,72.61
2023-06-13,Germany,392,105125,4,1734,72.79
2023-06-14,Germany,302,105427,3,1737,74.55
2023-06-15,Germany,287,105714,5,1742,74.65
2023-06-16,Germany,370,106084,8,1750,73.87
2023-06-17,Germany,199,106283,2,1752,75.71
2023-06-18,Germany,267,106550,5,1757,75.05
2023-06-19,Germany,294,106844,6,1763,76.62
2023-06-20,Germany,355,107199,8,1771,75.95
2023-06-21,Germany,391,107590,9,1780,77.53
2023-06-22,Germany,341,107931,4,1784,77.25
2023-06-23,Germany,407,108338,8,1792,76.91
2023-06-24,Germany,300,108638,3,1795,77.53
2023-06-25,Germany,381,109019,3,1798,78.8
2023-06-26,Germany,298,109317,6,1804,80.0
2023-06-27,Germany,372,109689,7,1811,78.8
2023-06-28,Germany,378,110067,4,1815,79.2
2023-06-29,Germany,391,110458,7,1822,79.86
2023-06-30,Germany,370,110828,8,1830,81.13
2023-07-01,Germany,456,111284,5,1835,80.73
2023-07-02,Germany,490,111774,10,1845,81.45
2023-07-03,Germany,450,112224,5,1850,81.38
2023-07-04,Germany,414,112638,6,1856,83.0
2023-07-05,Germany,465,113103,11,1867,82.87
2023-07-06,Germany,505,113608,9,1876,83.36
2023-07-07,Germany,418,114026,9,1885,84.84
2023-07-08,Germany,457,114483,8,1893,85.0
2023-07-09,Germany,468,114951,4,1897,85.0
2023-07-10,Germany,458,115409,9,1906,85.0
2023-07-11,Germany,567,115976,6,1912,85.0
2023-07-12,Germany,591,116567,14,1926,85.0
2023-07-13,Germany,552,117119,11,1937,85.0
2023-07-14,Germany,483,117602,6,1943,85.0
2023-07-15,Germany,599,118201,10,1953,85.0
2023-07-16,Germany,600,118801,12,1965,85.0
2023-07-17,Germany,531,119332,7,1972,85.0
2023-07-18,Germany,574,119906,12,1984,85.0
2023-07-19,Germany,573,120479,9,1993,85.0
2023-01-01,Japan,436,10680,9,162,0.06
2023-01-02,Japan,598,11278,12,174,0.31
2023-01-03,Japan,565,11843,6,180,1.57
2023-01-04,Japan,567,12410,10,190,2.04
2023-01-05,Japan,454,12864,10,200,1.3
2023-01-06,Japan,509,13373,11,211,2.22
2023-01-07,Japan,480,13853,8,219,2.35
2023-01-08,Japan,597,14450,6,225,2.69
2023-01-09,Japan,596,15046,12,237,3.29
2023-01-10,Japan,633,15679,12,249,4.66
2023-01-11,Japan,617,16296,13,262,4.03
2023-01-12,Japan,662,16958,16,278,4.0
2023-01-13,Japan,725,17683,14,292,4.64
2023-01-14,Japan,705,18388,16,308,5.21
2023-01-15,Japan,596,18984,8,316,6.39
2023-01-16,Japan,696,19680,11,327,6.07
2023-01-17,Japan,660,20340,14,341,8.0
2023-01-18,Japan,620,20960,6,347,7.44
2023-01-19,Japan,738,21698,9,356,7.57
2023-01-20,Japan,773,22471,8,364,9.22
2023-01-21,Japan,718,23189,17,381,8.84
2023-01-22,Japan,679,23868,7,388,8.53
2023-01-23,Japan,603,24471,6,394,10.07
2023-01-24,Japan,765,25236,7,401,10.92
2023-01-25,Japan,695,25931,13,414,10.6
2023-01-26,Japan,697,26628,17,431,11.34
2023-01-27,Japan,744,27372,10,441,12.51
2023-01-28,Japan,643,28015,10,451,12.25
2023-01-29,Japan,686,28701,15,466,13.21
2023-01-30,Japan,656,29357,8,474,12.5
2023-01-31,Japan,676,30033,10,484,14.24
2023-02-01,Japan,631,30664,7,491,13.37
2023-02-02,Japan,523,31187,7,498,14.19
2023-02-03,Japan,642,31829,11,509,14.17
2023-02-04,Japan,719,32548,15,524,14.61
2023-02-05,Japan,660,33208,8,532,15.29
2023-02-06,Japan,577,33785,11,543,15.31
2023-02-07,Japan,537,34322,5,548,16.43
2023-02-08,Japan,567,34889,11,559,16.62
2023-02-09,Japan,633,35522,14,573,18.34
2023-02-10,Japan,541,36063,8,581,17.48
2023-02-11,Japan,541,36604,10,591,19.1
2023-02-12,Japan,615,37219,9,600,18.21
2023-02-13,Japan,580,37799,12,612,19.07
2023-02-14,Japan,481,38280,5,617,20.79
2023-02-15,Japan,572,38852,7,624,21.23
2023-02-16,Japan,559,39411,12,636,20.28
2023-02-17,Japan,593,40004,10,646,21.39
2023-02-18,Japan,411,40415,6,652,21.73
2023-02-19,Japan,381,40796,8,660,21.45
2023-02-20,Japan,471,41267,10,670,22.61
2023-02-21,Japan,470,41737,10,680,21.98
2023-02-22,Japan,388,42125,8,688,22.91
2023-02-23,Japan,389,42514,8,696,23.06
2023-02-24,Japan,456,42970,6,702,24.65
2023-02-25,Japan,422,43392,7,709,24.96
2023-02-26,Japan,425,43817,6,715,24.75
2023-02-27,Japan,466,44283,10,725,25.1
2023-02-28,Japan,314,44597,6,731,26.59
2023-03-01,Japan,395,44992,5,736,25.67
2023-03-02,Japan,362,45354,8,744,26.09
2023-03-03,Japan,290,45644,6,750,27.13
2023-03-04,Japan,371,46015,5,755,27.83
2023-03-05,Japan,323,46338,3,758,27.51
2023-03-06,Japan,265,46603,4,762,28.15
2023-03-07,Japan,409,47012,5,767,29.58
2023-03-08,Japan,318,47330,5,772,29.7
2023-03-09,Japan,352,47682,3,775,29.33
2023-03-10,Japan,219,47901,5,780,30.41
2023-03-11,Japan,354,48255,4,784,31.48
2023-03-12,Japan,311,48566,6,790,32.3
2023-03-13,Japan,207,48773,4,794,32.3
2023-03-14,Japan,319,49092,4,798,31.4
2023-03-15,Japan,309,49401,4,802,32.29
2023-03-16,Japan,364,49765,6,808,32.33
2023-03-17,Japan,380,50145,7,815,33.4
2023-03-18,Japan,345,50490,5,820,33.47
2023-03-19,Japan,414,50904,4,824,35.31
2023-03-20,Japan,334,51238,3,827,34.9
2023-03-21,Japan,362,51600,7,834,36.11
2023-03-22,Japan,291,51891,4,838,35.03
2023-03-23,Japan,413,52304,7,845,37.15
2023-03-24,Japan,358,52662,6,851,36.07
2023-03-25,Japan,391,53053,7,858,37.11
2023-03-26,Japan,295,53348,4,862,36.99
2023-03-27,Japan,459,53807,6,868,37.44
2023-03-28,Japan,466,54273,10,878,39.69
2023-03-29,Japan,282,54555,5,883,39.77
2023-03-30,Japan,358,54913,5,888,39.95
2023-03-31,Japan,377,55290,7,895,39.68
2023-04-01,Japan,461,55751,5,900,40.66
2023-04-02,Japan,410,56161,8,908,41.35
2023-04-03,Japan,496,56657,8,916,41.86
2023-04-04,Japan,501,57158,9,925,41.22
2023-04-05,Japan,600,57758,13,938,41.69
2023-04-06,Japan,459,58217,5,943,43.68
2023-04-07,Japan,520,58737,9,952,43.28
2023-04-08,Japan,487,59224,5,957,42.76
2023-04-09,Japan,559,59783,10,967,43.57
2023-04-10,Japan,517,60300,10,977,45.19
2023-04-11,Japan,574,60874,11,988,44.5
2023-04-12,Japan,557,61431,8,996,45.68
2023-04-13,Japan,678,62109,10,1006,46.18
2023-04-14,Japan,638,62747,10,1016,45.73
2023-04-15,Japan,646,63393,9,1025,47.62
2023-04-16,Japan,721,64114,7,1032,46.88
2023-04-17,Japan,589,64703,11,1043,47.49
2023-04-18,Japan,711,65414,15,1058,48.06
2023-04-19,Japan,692,66106,9,1067,47.84
2023-04-20,Japan,659,66765,12,1079,49.99
2023-04-21,Japan,643,67408,9,1088,49.51
2023-04-22,Japan,671,68079,8,1096,50.27
2023-04-23,Japan,627,68706,7,1103,51.17
2023-04-24,Japan,605,69311,9,1112,50.62
2023-04-25,Japan,658,69969,12,1124,50.42
2023-04-26,Japan,794,70763,17,1141,52.63
2023-04-27,Japan,718,71481,8,1149,52.15
2023-04-28,Japan,706,72187,13,1162,52.81
2023-04-29,Japan,615,72802,7,1169,52.88
2023-04-30,Japan,648,73450,8,1177,54.02
2023-05-01,Japan,806,74256,18,1195,54.15
2023-05-02,Japan,755,75011,11,1206,55.06
2023-05-03,Japan,651,75662,12,1218,55.72
2023-05-04,Japan,692,76354,11,1229,54.94
2023-05-05,Japan,679,77033,11,1240,55.99
2023-05-06,Japan,673,77706,7,1247,57.13
2023-05-07,Japan,696,78402,15,1262,55.86
2023-05-08,Japan,738,79140,12,1274,57.41
2023-05-09,Japan,680,79820,9,1283,58.48
2023-05-10,Japan,675,80495,8,1291,58.8
2023-05-11,Japan,659,81154,12,1303,59.37
2023-05-12,Japan,500,81654,10,1313,58.91
2023-05-13,Japan,583,82237,9,1322,59.69
2023-05-14,Japan,585,82822,9,1331,58.96
2023-05-15,Japan,636,83458,10,1341,59.73
2023-05-16,Japan,592,84050,9,1350,59.85
2023-05-17,Japan,591,84641,11,1361,60.91
2023-05-18,Japan,578,85219,12,1373,61.76
2023-05-19,Japan,566,85785,12,1385,62.3
2023-05-20,Japan,586,86371,9,1394,63.47
2023-05-21,Japan,631,87002,8,1402,63.25
2023-05-22,Japan,549,87551,10,1412,62.82
2023-05-23,Japan,498,88049,10,1422,63.95
2023-05-24,Japan,447,88496,5,1427,64.68
2023-05-25,Japan,459,88955,5,1432,64.17
2023-05-26,Japan,411,89366,5,1437,65.02
2023-05-27,Japan,432,89798,7,1444,65.67
2023-05-28,Japan,398,90196,6,1450,66.83
2023-05-29,Japan,415,90611,4,1454,65.74
2023-05-30,Japan,344,90955,6,1460,67.18
2023-05-31,Japan,399,91354,9,1469,66.6
2023-06-01,Japan,431,91785,4,1473,67.04
2023-06-02,Japan,378,92163,7,1480,67.49
2023-06-03,Japan,293,92456,7,1487,69.53
2023-06-04,Japan,328,92784,4,1491,68.55
2023-06-05,Japan,331,93115,3,1494,69.79
2023-06-06,Japan,298,93413,7,1501,70.57
2023-06-07,Japan,263,93676,6,1507,69.94
2023-06-08,Japan,369,94045,4,1511,70.11
2023-06-09,Japan,210,94255,4,1515,71.83
2023-06-10,Japan,295,94550,4,1519,71.05
2023-06-11,Japan,176,94726,2,1521,71.8
2023-06-12,Japan,380,95106,5,1526,72.69
2023-06-13,Japan,334,95440,4,1530,72.54
2023-06-14,Japan,325,95765,6,1536,73.89
2023-06-15,Japan,273,96038,4,1540,75.09
2023-06-16,Japan,291,96329,4,1544,75.26
2023-06-17,Japan,284,96613,7,1551,74.63
2023-06-18,Japan,306,96919,4,1555,75.4
2023-06-19,Japan,309,97228,4,1559,77.01
2023-06-20,Japan,336,97564,5,1564,76.96
2023-06-21,Japan,289,97853,4,1568,77.11
2023-06-22,Japan,343,98196,7,1575,76.52
2023-06-23,Japan,351,98547,7,1582,77.13
2023-06-24,Japan,399,98946,6,1588,78.34
2023-06-25,Japan,232,99178,5,1593,78.02
2023-06-26,Japan,303,99481,3,1596,78.52
2023-06-27,Japan,442,99923,10,1606,80.41
2023-06-28,Japan,342,100265,6,1612,80.07
2023-06-29,Japan,322,100587,5,1617,80.27
2023-06-30,Japan,467,101054,5,1622,80.94
2023-07-01,Japan,497,101551,9,1631,81.59
2023-07-02,Japan,450,102001,4,1635,81.61
2023-07-03,Japan,387,102388,8,1643,82.48
2023-07-04,Japan,484,102872,8,1651,83.39
2023-07-05,Japan,399,103271,8,1659,83.47
2023-07-06,Japan,411,103682,5,1664,83.54
2023-07-07,Japan,478,104160,9,1673,84.18
2023-07-08,Japan,401,104561,8,1681,83.65
2023-07-09,Japan,505,105066,9,1690,85.0
2023-07-10,Japan,514,105580,5,1695,85.0
2023-07-11,Japan,468,106048,8,1703,85.0
2023-07-12,Japan,594,106642,7,1710,85.0
2023-07-13,Japan,561,107203,12,1722,85.0
2023-07-14,Japan,582,107785,12,1734,85.0
2023-07-15,Japan,629,108414,13,1747,85.0
2023-07-16,Japan,532,108946,7,1754,85.0
2023-07-17,Japan,621,109567,8,1762,85.0
2023-07-18,Japan,724,110291,11,1773,85.0
2023-07-19,Japan,695,110986,7,1780,85.0
